ASIN,SEARCH TERM,ACTIVE,DETAILS
B0D894LS44,お食事エプロン,yes,
B0D89H2L67,お食事エプロン,yes,
B0D89DTD29,お食事エプロン,yes,
B0D88XNCHG,お食事エプロン,yes,
B0DBSM5ZDZ,お食事エプロン,yes,
B0DBSF1CZ6,お食事エプロン,yes,
B0DBS2WWJN,お食事エプロン,yes,
B0DBS1ZQ7K,お食事エプロン,yes,
B0DBS2CK1T,お食事エプロン,yes,
B0DBSB6XY9,お食事エプロン,yes,
B0D894LS44,食事用エプロン,yes,
B0D89H2L67,食事用エプロン,yes,
B0D89DTD29,食事用エプロン,yes,
B0D88XNCHG,食事用エプロン,yes,
B0DBSM5ZDZ,食事用エプロン,yes,
B0DBSF1CZ6,食事用エプロン,yes,
B0DBS2WWJN,食事用エプロン,yes,
B0DBS1ZQ7K,食事用エプロン,yes,
B0DBS2CK1T,食事用エプロン,yes,
B0DBSB6XY9,食事用エプロン,yes,
